Name, Should be close,,,,
"lastname1, firstname",,,,,,
"lastname2, firstname",,,,,,
"lastname3, firstname",,,,,,
"lastname4, firstname",,,,,,
"lastname5, firstname",x,,,,,
"lastname6, firstname",,,,,,
"lastname7, firstname",,,,,,
"lastname8, firstname",,,,,,
"lastname9, firstname",,,,,,
"lastname10, firstname",,,,,,
"lastname11, firstname",,,,,,
"lastname12, firstname",,,,,,
"lastname13, firstname",,,,,,
"lastname14, firstname",,,,,,
"lastname15, firstname",,,,,,
"lastname16, firstname",,,,,,
"lastname17, firstname",,,,,,
"lastname18, firstname",,,,,,
"lastname19, firstname",,,,,,
"lastname20, firstname",,,,,,
"lastname21, firstname",x,,,,,
"lastname22, firstname",,,,,,
"lastname23, firstname",,,,,,
"lastname24, firstname",,,,,,
"lastname25, firstname",,,,,,
"lastname26, firstname",,,,,,
"lastname27, firstname",,,,,,
"lastname28, firstname",,,,,,
"lastname29, firstname",,,,,,
"lastname30, firstname",,,,,,
"lastname31, firstname",,,,,,
"lastname32, firstname",,,,,,
"lastname33, firstname",,,,,,